{
  "success": true,
  "snr_db": [
    5.0,
    6.0,
    7.0,
    8.0,
    9.0,
    10.0,
    11.0,
    12.0,
    13.0,
    14.0,
    15.0,
    16.0,
    17.0,
    18.0,
    19.0,
    20.0,
    21.0,
    22.0,
    23.0,
    24.0,
    25.0
  ],
  "bler": [
    1.0,
    1.0,
    1.0,
    1.0,
    0.967741935483871,
    0.8108108108108109,
    0.5454545454545454,
    0.4225352112676056,
    0.17647058823529413,
    0.09259259259259259,
    0.02077562326869806,
    0.00889152341434499,
    0.002,
    0.0005,
    0.0001,
    0.0,
    0.0,
    0.0,
    0.0,
    0.0,
    0.0
  ],
  "packets": [
    30,
    30,
    30,
    30,
    31,
    37,
    55,
    71,
    170,
    324,
    1444,
    3374,
    10000,
    10000,
    10000,
    10000,
    100000,
    100000,
    100000,
    100000,
    100000
  ],
  "meta": {
    "mode": "tb_bler_vlc",
    "seed": 1234,
    "M": 4,
    "nfft": 256,
    "cp": 0.125,
    "n_subcarriers": 64,
    "minislot_symbols": 14,
    "pilot_spacing": 2,
    "pilot_offset": 0,
    "pilot_seed": 999,
    "pilot_power_boost_db": 3.0,
    "pilot_power_mode": "constrained",
    "tb_payload_bytes": 48,
    "packets_per_snr": 10000,
    "min_errors": 30,
    "vlc": {
      "led_bandwidth_mhz": 20.0,
      "dc_bias": 0.5,
      "clipping_ratio": 0.95,
      "responsivity": 0.5,
      "area_cm2": 1.0,
      "noise_type": "awgn"
    }
  }
}